{"stats":{"minecraft:used":{"dedsafio_by_forzaken:batidora_legendaria":2,"dedsafio_by_forzaken:creeper_cake_spawn_egg":1,"dedsafio_by_forzaken:casino":2,"dedsafio_by_forzaken:lana_arcoiris":7,"dedsafio_by_forzaken:stone_plyaer":1},"minecraft:picked_up":{"minecraft:dirt":14},"minecraft:mined":{"minecraft:grass_block":12,"minecraft:dirt":2},"minecraft:custom":{"minecraft:jump":44,"minecraft:time_since_rest":5262,"minecraft:leave_game":1,"minecraft:sprint_one_cm":1073,"minecraft:play_time":5262,"minecraft:time_since_death":5262,"minecraft:walk_one_cm":13339,"minecraft:total_world_time":5262,"minecraft:fly_one_cm":1511}},"DataVersion":3465}