{"stats":{"minecraft:mined":{"minecraft:grass_block":12,"minecraft:dirt":2},"minecraft:picked_up":{"minecraft:dirt":14},"minecraft:custom":{"minecraft:jump":51,"minecraft:time_since_rest":9948,"minecraft:leave_game":7,"minecraft:crouch_one_cm":286,"minecraft:play_time":9948,"minecraft:sprint_one_cm":1073,"minecraft:time_since_death":9948,"minecraft:walk_one_cm":15694,"minecraft:sneak_time":131,"minecraft:total_world_time":9948,"minecraft:fly_one_cm":2649},"minecraft:used":{"dedsafio_by_forzaken:creeper_cake_spawn_egg":1,"dedsafio_by_forzaken:batidora_legendaria":2,"minecraft:dirt":20,"dedsafio_by_forzaken:casino":4,"dedsafio_by_forzaken:lana_arcoiris":7,"dedsafio_by_forzaken:stone_plyaer":1}},"DataVersion":3465}